name,desc,flow,role,critical,steps,criteria,tags,sourceSite
"[SC-01] ลงทะเบียน คัดกรอง ก่อนเข้าตรวจ OPD","ทดสอบการสร้าง HN และส่งตัวคนไข้เข้าตรวจตามลำดับ",OPD,"เวชระเบียน / พยาบาลคัดกรอง",TRUE,"1. ค้นหาผู้ป่วย หรือสร้าง HN ใหม่
2. ทำการคัดกรอง ชั่งน้ำหนัก วัดความดัน
3. ส่งต่อคนไข้ไปยังคลินิกปลายทาง","1. ได้รับเลข Visit ถูกต้อง
2. ข้อมูลสัญญาณชีพครบถ้วน
3. รายชื่อปรากฏในคิวรอตรวจของห้องตรวจ",smoke;opd,CORE
"[SC-05] จองเตียงและทำเรื่อง Admit","กระบวนการจองเตียงสำหรับผู้ป่วยในจากแผนกฉุกเฉินหรือ OPD",IPD,"เจ้าหน้าที่ศูนย์บริหารเตียง",FALSE,"1. เปิดคำขอ Admit จากแพทย์
2. เลือกตึก/วอร์ด และระบุเตียงว่าง
3. ยืนยันการครองเตียงและพิมพ์เอกสารนำส่ง","1. สถานะเตียงเปลี่ยนเป็น Occupied
2. ระบบ Generate เลข AN สำเร็จ",ipd;bed-management,NUH
"[SC-15] สรุปรายงานสถิติประจำวัน","รายงานภาพรวมยอดผู้มารับบริการรายวัน",General,"ผู้ดูแลระบบ / เวชระเบียน",FALSE,"1. เข้าเมนูออกรายงานสถิติ
2. เลือกช่วงเวลาของวันปัจจุบัน
3. กด Generate และ Export PDF","1. รายงานแสดงยอดสรุปตรงตามจริง
2. ไฟล์ PDF ดาวน์โหลดได้ไม่เสียหาย",report,CORE
